{"baseline": {"tag": "baseline", "mae": 0.6363106966018677, "mcp": 0.9194014668464661, "mno": 0.6113833785057068, "rho": 1.503805160522461, "n_cp": 16833, "n_series": 1000}, "proposed": {"tag": "proposed", "mae": 0.6444665193557739, "mcp": 0.927480161190033, "mno": 0.619546115398407, "rho": 1.4970316886901855, "n_cp": 16833, "n_series": 1000}, "DM": -3.4721434094234764, "n_pairs": 4335, "wilcoxon_p": 0.7648930395358783}